<module>
	<rawname>getcallrecord</rawname>
	<name>getcallrecord</name>
	<version>0.1.0.0</version>
	<candisable>yes</candisable>
	<canuninstall>yes</canuninstall>
	<changelog>
		*0.1.0.0* Original Release (beta)
	</changelog>
	<description>
		provides a call recordings download
	</description>
	<attention>
		No warnings
	</attention>
	<info>maxim.ivassenko@nat.kz</info>
	<menuitems>
                <getcallrecord>getcallrecord</getcallrecord>
	</menuitems>
	<depends>
		<module>core</module>
		<version>ge2.2</version>
    </depends>
	<category>Settings</category>
</module>

